# asmdef GUID -> assembly name for Unity packages, so Tools/compile-check.sh can resolve FFMod.asmdef's
# "GUID:..." references to the DLLs the game ships. Generated from the packages' .asmdef.meta files.
e9d637572d6c60f47a11b46506753692	Backtrace.Unity
219b171db79434558b442780da267dab	Bootstrap
b8bd0640a304b40c29d635a23f8f4b5e	DocCodeSamples
871fe47a23963204dbd24ca21ce010ba	EditModeTests_11
0c7932b426750714fb11b3119dc22c8e	EditModeTests_11s
2aa43b0c797e0d444a7e82e75d4f2082	Facepunch Transport for Netcode for GameObjects
728e24aed463f43edbdc096fef896432	InputSystem.Samples.Visualizers
93dfb46a4941698438e1e2dce7f5e021	KNN
562a750ff18ee4193928e885c708fee1	MCPForUnity.Runtime
9c59f0219271ca9419c2a3d6cd7101dc	MyExercise_1
202460d24233ca14885ddef0738ff39c	MyExercise_1s
28ba0dffcb810744ca1e365e085363f2	MyExercise_2
9a35b57ccac143edb7026140c63ed897	MyExercise_2s
845415f00a14cf64598d373938e1b349	MyExercise_3
9e0c7382b259f564ebbef8d8e2a7bf6d	MyExercise_3s
d911f6979f01c77419352fd6161e7461	MyExercise_4
726b3981c4e0a1a47a37e127ce563af0	MyExercise_4s
f6a6a0f7400f04f4da1a506508277119	MyExercise_5
2fc0400bd351485459090b8a1b80c158	MyExercise_5s
4e37053f3e5456c4cb87d646a638693c	MyExercise_6
cb1b776c26fe35d4da82f4975553aa33	MyExercise_6s
942cbc8a7548771468cf1d2523fbef4c	MyGame_15
baeb7ed0d8256ce49ab614e71e1998c1	MyGame_15s
ebc0af4a5a9b7c24a8eb3fdfc06ddf9b	MyGame_16
96e81f7ce7a44c543a1b5ee9af8b46c9	MyGame_16s
850521669115c7f4b89d01d47755f46d	MyGame_17
79098271b131e7a4086fcb8f0a2beb24	MyGame_17s
894a6cc6ed5cd2645bb542978cbed6a9	ParrelSync
cd741a894493aa14e9977066fe5019de	PlayModeTests_10
582e88313f55b20458bc0b9c7eb02a2f	PlayModeTests_10s
712147f25a259f640adb238565c2b431	PlayModeTests_12
9e7f8c483df06e94aa86263dfca430a4	PlayModeTests_12s
6bfa44d7ddb4b594bb2c4db61cc5c30a	PlayModeTests_7
f837055ef6f1be349b2ffcbd6684c511	PlayModeTests_8
f3c3d0c8b49dab8408a555c9d8742eb7	PlayModeTests_9
d9c62f20d2dd2494cbb054167bd66705	PlayModeTests_9s
472aaae9fe1ef1f478743ae4c5ef7592	ProjectWideActions
d770956cfc6450d45bf1908075cac342	SampleAssembly
e2388d698e32db54d9882271c4a1ac0e	Tests_13
6e6475f7018ac3b4d8ed5ef6d020aa67	Tests_13s
7b4ee5f8eff008e4c857906fefe4e926	Tests_14
40ff9160e91e6984fb327fb94555999c	Tests_14s
1233dc2110d358a4cbeb6cf521c4457c	Tests_15
ae9d8c6d83a9a874f88d43fcf195cb6b	Tests_15s
6628e9de2254bd3498a9630245115950	Tests_16
59f1827b0899bf94a978cb788593a672	Tests_16s
bf98e6252aa737e40af327fc78ff6ddf	Tests_17
bf20618116990bc47850cd8240744ef3	Tests_17s
a6d528d500982a84884a4e18b4d4122b	Tests_1s
6ae3936413c6a114e97c3f65ac2a98c1	Tests_2
aaf95c9a00567db4b9ad7b01f660c8c6	Tests_2s
148d3ddda989d7e498a434125dffa2a7	Tests_3
1dd3b07f0f04bdc47b29fce11a6b738f	Tests_3s
ab6f0307e3bad7f439ea71cd781c726e	Tests_4
ea6e06f837ff8c141aaabf0b1a7588b4	Tests_4s
a728bd19141a1d84fb84da45f987dce1	Tests_5
670e922b357dfe04db205d6bc22848e7	Tests_5s
6eb6aebcc9e48ea459ff22ad3d3fe837	Tests_6
7867a14d4bc9ff645959561ed757454d	Tests_6s
f51ebe6a0ceec4240a699833d6309b23	UniTask
593a5b492d29ac6448b1ebf7f035ef33	UniTask.Addressables
029c1c1b674aaae47a6841a0b89ad80e	UniTask.DOTween
5c01796d064528144a599661eaab93a6	UniTask.Linq
dc47925d1a5fa2946bdd37746b2b5d48	UniTask.TextMeshPro
8c4dd21966739024fbd72155091d199e	Unity.AI.Navigation
62b574997e92efd41a8a1109157a0cb5	Unity.AI.Navigation.Samples
9e24947de15b9834991c9d8411ea37cf	Unity.Addressables
2665a8d13d1b3f18800f46e256720795	Unity.Burst
9c6dda6c7922c624cb7ea9a7f1c7d54a	Unity.Burst.CodeGen
7b78590e8aa944971a230c4bf6c7ccb2	Unity.Burst.Tests
4307f53044263cf4b835bd812fc161a4	Unity.Cinemachine
e0cd26848372d4e5c891c569017e11f1	Unity.Collections
4f5c0c83dfd6a0743834baba2b4de79e	Unity.Collections.BurstCompatibilityGen
8baa6eabecd47164e94a1eb92b18f394	Unity.Collections.CodeGen
d1fecb7e41996c7468b18df518b721d9	Unity.Collections.DocCodeSamples
231b25ba64524e26aa697960dbc7d0d0	Unity.Collections.LowLevel.ILSupport
851faa33f0fe11de69f86c5599d17c88	Unity.Collections.LowLevel.ILSupport.CodeGen
64222b0d0713a412f92762e2fccd795a	Unity.Collections.PerformanceTests
ebbea1c70c20149eea64c53647a70872	Unity.Collections.Tests
5e96082520aa86a458e400b89afe93a4	Unity.Collections.Tests.Playmode
442911fa060b2d148b430623121a113c	Unity.Deformations
734d92eba21c94caba915361bd5ac177	Unity.Entities
586c26a6ab8923842bcb0848f39b6cf7	Unity.Entities.Build
3d9288551f5f1b14b9fcbd11fd97a391	Unity.Entities.CodeGen
4fd5a72e5d614014db4a5bc43956b6a2	Unity.Entities.CodeGen.Tests
276dc10101b3aee4384b9dbebe564203	Unity.Entities.ContentDelivery.Tests
7a450cf7ca9694b5a8bfa3fd83ec635a	Unity.Entities.Graphics
77524e538f146481ba387e426305ba29	Unity.Entities.Graphics.PerformanceTests
ac35034034affa945a0672efca427990	Unity.Entities.Graphics.Tests
8819f35a0fc84499b990e90a4ca1911f	Unity.Entities.Hybrid
36e5f33a4fc113a46aa097b1f6c10b5a	Unity.Entities.Hybrid.EndToEnd.Tests
1759fe4a67488100793613cc6bf36c6d	Unity.Entities.Hybrid.HybridComponents
1b4a711f52262b745b1efc2def2997dd	Unity.Entities.Hybrid.PerformanceTests
bd9484a338da1458bb1d27afe56e6f90	Unity.Entities.Hybrid.Tests
8057ed6d5d444fea9a12fe971a174f2c	Unity.Entities.Hybrid.Tests.ExcludedAssembly
276d4b9c3a7a4cb41b9ac3c04d19b24d	Unity.Entities.Hybrid.Tests.SeparateAssembly
51dc02c04d39a9b46ab6005ac84f4a4d	Unity.Entities.PerformanceTests
9e1bffeba10bc496884a3f718c95ffd7	Unity.Entities.TestComponents
8e2f79f713f5a47dcb69903037d4bc0e	Unity.Entities.Tests
1dc06b9dbbfd1a747b310a0db8deb39c	Unity.Entities.Tests.InAnotherAssembly
7169e189ba9d4907b5d5ddeede103c18	Unity.Entities.Tests.InAnotherEmptyAssembly
159aca2f335330348af7565091f798af	Unity.Entities.UI
75469ad4d38634e559750d17036d5f7c	Unity.InputSystem
41b01d3964f844d8b43923c18b3a9a6f	Unity.InputSystem.DocCodeSamples
09dcc9c0126b6b34ab2a877b8f2277f5	Unity.InputSystem.ForUI
043547d79c83ab74e9bcfef914059964	Unity.InputSystem.InGameHints
0e27b928aa4d07c46ac4346b2411cb62	Unity.InputSystem.RebindingUI
157556569ac93a94fb6a763f50476339	Unity.InputSystem.Recorder
43b111c4a445f446abd2c02e77750ff5	Unity.InternalAPIEngineBridge.004
f4dea7fcb51cdfb4aa526b9274bd58f3	Unity.InternalAPIEngineBridge.013
8a2eafa29b15f444eb6d74f94a930e1d	Unity.Jobs
2bb176a0c096af749bb43b1e2fb1ea1c	Unity.Jobs.CodeGen
afeff65e837084b99a097325b19df8f4	Unity.Jobs.Tests
eec0964c48f6f4e40bc3ec2257ccf8c5	Unity.Localization
a5deb02d96cf94e4086eac8c02b8f682	Unity.Localization.DocCodeSamples
ec7a6119dca76c04bbaa014c2d9e4002	Unity.Localization.Samples.LocaleMenuUGUI
59e68a194e7d75d41ad112b12f13171c	Unity.Localization.Samples.PersistentVariables
9e8068e91455c7849bfab156cea93b39	Unity.Localization.Samples.Preloading
d8b63aba1907145bea998dd612889d6b	Unity.Mathematics
e04e6c86a9f3947eb95fded39f9e60cc	Unity.Mathematics.Extensions
64dd21a71f05646a89405b0ade11289b	Unity.Mathematics.Extensions.Hybrid
8d6bdb9f2b99e594eb6905e206cdeae1	Unity.Mathematics.Extensions.Tests
0efc075be62ff074592f9ad36fcc4058	Unity.Mathematics.FixedPoint
57268dc7a1f83964198464e4555b934e	Unity.MemoryProfiler
84abd2ab34a74600a33a3bb9d72859fe	Unity.Multiplayer.Center.Common
1491147abca9d7d4bb7105af628b223e	Unity.Netcode.Runtime
f2d49d9fa7e7eb3418e39723a7d3b92f	Unity.Networking.Transport
1a160b949a5bc12488da654eb95e3d10	Unity.Networking.Transport.Samples.CrossPlay
373ac7444a0a2de4d9dd84325cb656a9	Unity.Networking.Transport.Samples.JobifiedClientServer
bb6c041f05c99ad4a83ee0d399e0516f	Unity.Networking.Transport.Samples.Ping
b64a122ddef54144b83e2d5d15a4deb2	Unity.Networking.Transport.Samples.RelayPing
85ecd7bfcbcce8f42941a96b84c35d36	Unity.Networking.Transport.Samples.SimpleClientServer
175c729a05a436646ace05b3b48dc053	Unity.Numerics.Linear
88fba2b0ffd8eec4c963be6c05195c84	Unity.Numerics.Linear.Dense
fe0451aa77150a84fa6d2cc6ab1cfb85	Unity.Numerics.Linear.Solvers.Lowlevel
7b173313e9eb35d4c90c8ab818fa222f	Unity.Numerics.Linear.Sparse
ad9df7b047016e14ca97f84dd0b6023c	Unity.Numerics.Memory
cd3a51995491c1b46815175880d21f24	Unity.Numerics.Random
c0dd0d10738d4ad4a9de57c559d0ca1b	Unity.PerformanceTesting
63afb046c8423dd448ae7aba042ea63d	Unity.Physics
6bfefdf09ee6431fae75a6f5e06a0e89	Unity.Physics.Custom
e00140a815de944528348782854abe39	Unity.Physics.Hybrid
71e9815631ba2574b92564e93b8efc9c	Unity.Pipeline
3d86918fcc1e40b8a17542a4bacf8dbc	Unity.Pipeline.CodeGen
fadfe42d23f96db47a2c41e046892acb	Unity.Pipeline.Samples
d60799ab2a985554ea1a39cd38695018	Unity.Postprocessing.Runtime
b46779583a009f04ba9f5f31d0e7e6ac	Unity.Profiling.Core
ab67fb10353d84448ac887a7367cbda8	Unity.RenderPipeline.Universal.ShaderLibrary
df380645f10b7bc4b97d4f5eb6303d95	Unity.RenderPipelines.Core.Runtime
69257879134bba646869b21467b3338d	Unity.RenderPipelines.Core.Runtime.Shared
835b943161f7b5d42861f1a6b4d9d88b	Unity.RenderPipelines.Core.Samples.Runtime
46a67ded66a63de48b9329c593fc08de	Unity.RenderPipelines.Core.ShaderLibrary
4fd6538c1c56b409fb53fdf0183170ec	Unity.RenderPipelines.GPUDriven.Runtime
de1079f91ae5b43499b7c7e4f1269884	Unity.RenderPipelines.ShaderGraph.ShaderGraphLibrary
516a5277b8c3b4f4c8cc86b77b1591ff	Unity.RenderPipelines.Universal.2D.Runtime
86bc95e6fdb13ff43aa04316542905ae	Unity.RenderPipelines.Universal.Config.Runtime
15fc0a57446b3144c949da3e2b9737a9	Unity.RenderPipelines.Universal.Runtime
b4517ec124862cb4bb3b8b27d72843a6	Unity.RenderPipelines.Universal.Shaders
84651a3751eca9349aac36a66bba901b	Unity.ResourceManager
5f3cf485eb0554709a8abbeace890c86	Unity.Scenes
7b74512478bbe4299b637646187de3f0	Unity.Scenes.Hybrid.Tests
f681a7ee484f24444be78ac3f1bd93c7	Unity.Scenes.Hybrid.Tests.Editmode.Content
62a02badfc2c3ab56bfd1dff0228458c	Unity.Scenes.Hybrid.Tests.Playmode
dfb0558c4cfdca64eaab4a64b0e3dbe3	Unity.Scenes.PerformanceTests
720091d644ab2934188e406a40916015	Unity.Scenes.Tests
5c1ff9bd975acec488150743d53a93ca	Unity.ScriptableBuildPipeline
c201884b714f6b5478c3e1e9315f08a1	Unity.Searcher.ScriptsSamples
2765e68924a08a94ea0ea66b31c0168f	Unity.Serialization
5540e30183c82e84b954c033c388e06c	Unity.Services.Authentication
72f79b615af733349b4cea3a0c53d788	Unity.Services.Authentication.Server
fe25561d224ed4743af4c60938a59d0b	Unity.Services.Core
1104de264d522446f8274872ebf70b3d	Unity.Services.Core.Analytics
96fdca1f2d7348147946226cfe61a2e1	Unity.Services.Core.Components
4077802dea91b4b6d878b48b4160bd81	Unity.Services.Core.Configuration
614c328814c3e4cb89d08dcc15048513	Unity.Services.Core.Device
70ea675efa2644cef98c7ece24158333	Unity.Services.Core.Environments
93dfd405b987c45479315eb420601044	Unity.Services.Core.Environments.Internal
f82009cf854e040a18ebb38251781c58	Unity.Services.Core.Internal
4fc462806a32aa245a7b28367381bf24	Unity.Services.Core.Networking
7a3effa9f908d4e8a88877e048cf05dd	Unity.Services.Core.Registration
13e422d7b3aa04e7994f974a3d50c391	Unity.Services.Core.Scheduler
d8e56012c572e204692b3fe5183b7da1	Unity.Services.Core.Telemetry
424c109c039b23a469d7e72a2a76e122	Unity.Services.Core.Threading
3e87d69835e5b460e8b407530adf9fe0	Unity.Services.Deployment.Core
37e17ffe38d86ae48bc3207e83ffef88	Unity.Services.Multiplayer
002a64de5e696004980f613d694e33b0	Unity.Services.Multiplayer.Server
1800ae458ff5b439fb4a1aa353684cbb	Unity.Services.QoS
f939ab88b4fdc8d4a9af9127200cefec	Unity.Services.Wire.Internal
21d1eb854b91ade49bc69a263d12bee2	Unity.Splines
9f08613db0663446b876a5eae626aa45	Unity.Splines.Examples
6055be8ebefd69e48b49212b09b47b2f	Unity.TextMeshPro
a5baed0c9693541a5bd947d336ec7659	Unity.Transforms
44dcb2bf5b9be4b5aa76674c8edcd1d5	Unity.Transforms.Hybrid
4ae057a2f9b0e774e996f4b10bb2b4de	Unity.Transforms.Hybrid.Tests
c1825663e7e094b6ca750434732f57c0	Unity.Transforms.PerformanceTests
c1baa1484221840fa99c34120fb36ae0	Unity.Transforms.Tests
b3f345a8790ef4c419a5d3ea60e9f97d	Unity.UI.Shaders.Sample
214c0945bb158c940aada223f3223ee8	Unity.UnifiedRayTracing.Runtime
68550284b645f4b9894995579f34290a	Unity.VectorGraphics
d04eb9c554ad44ceab303cecf0c0cf82	Unity.VisualEffectGraph.Runtime
83518c5567fea0a469db341a17245243	UnityEngine.InputSystem.Samples.UIvsGameInput
27619889b8ba8c24980f49ee34dbb44a	UnityEngine.TestRunner
2bafac87e7f4b9b418d9448d219b01ab	UnityEngine.UI
e4a4c15a54a852547bed6b95a433bdbd	VFXGraph.OutputEventHandlers
22f01b8e69f1745e8a465e422e58c770	unity-websocket-sharp
